[
  {
    "name": "circuit_alu_FullAdder",
    "tags": [
      "circuit",
      "alu",
      "FullAdder"
    ],
    "filePath": "circuit/alu/FullAdder.shape",
    "image": "circuit/alu/FullAdder.png"
  },
  {
    "name": "circuit_alu_FullAdder4Bit",
    "tags": [
      "circuit",
      "alu",
      "FullAdder4Bit"
    ],
    "filePath": "circuit/alu/FullAdder4Bit.shape",
    "image": "circuit/alu/FullAdder4Bit.png"
  },
  {
    "name": "circuit_counter_BCDCounter",
    "tags": [
      "circuit",
      "counter",
      "BCDCounter"
    ],
    "filePath": "circuit/counter/BCDCounter.shape",
    "image": "circuit/counter/BCDCounter.png"
  },
  {
    "name": "circuit_decoder_BCDto7Seg",
    "tags": [
      "circuit",
      "decoder",
      "BCDto7Seg"
    ],
    "filePath": "circuit/decoder/BCDto7Seg.shape",
    "image": "circuit/decoder/BCDto7Seg.png"
  },
  {
    "name": "circuit_display_7Segment",
    "tags": [
      "circuit",
      "display",
      "7Segment"
    ],
    "filePath": "circuit/display/7Segment.shape",
    "image": "circuit/display/7Segment.png"
  },
  {
    "name": "circuit_display_Led",
    "tags": [
      "circuit",
      "display",
      "Led"
    ],
    "filePath": "circuit/display/Led.shape",
    "image": "circuit/display/Led.png"
  },
  {
    "name": "circuit_flipflop_drDFlipFlop",
    "tags": [
      "circuit",
      "flipflop",
      "drDFlipFlop"
    ],
    "filePath": "circuit/flipflop/drDFlipFlop.shape",
    "image": "circuit/flipflop/drDFlipFlop.png"
  },
  {
    "name": "circuit_flipflop_JKFlipFlop",
    "tags": [
      "circuit",
      "flipflop",
      "JKFlipFlop"
    ],
    "filePath": "circuit/flipflop/JKFlipFlop.shape",
    "image": "circuit/flipflop/JKFlipFlop.png"
  },
  {
    "name": "circuit_flipflop_SRFlipFlop",
    "tags": [
      "circuit",
      "flipflop",
      "SRFlipFlop"
    ],
    "filePath": "circuit/flipflop/SRFlipFlop.shape",
    "image": "circuit/flipflop/SRFlipFlop.png"
  },
  {
    "name": "circuit_flipflop_TFlipFlop",
    "tags": [
      "circuit",
      "flipflop",
      "TFlipFlop"
    ],
    "filePath": "circuit/flipflop/TFlipFlop.shape",
    "image": "circuit/flipflop/TFlipFlop.png"
  },
  {
    "name": "circuit_gate_AND",
    "tags": [
      "circuit",
      "gate",
      "AND"
    ],
    "filePath": "circuit/gate/AND.shape",
    "image": "circuit/gate/AND.png"
  },
  {
    "name": "circuit_gate_NAND",
    "tags": [
      "circuit",
      "gate",
      "NAND"
    ],
    "filePath": "circuit/gate/NAND.shape",
    "image": "circuit/gate/NAND.png"
  },
  {
    "name": "circuit_gate_NOR",
    "tags": [
      "circuit",
      "gate",
      "NOR"
    ],
    "filePath": "circuit/gate/NOR.shape",
    "image": "circuit/gate/NOR.png"
  },
  {
    "name": "circuit_gate_NOT",
    "tags": [
      "circuit",
      "gate",
      "NOT"
    ],
    "filePath": "circuit/gate/NOT.shape",
    "image": "circuit/gate/NOT.png"
  },
  {
    "name": "circuit_gate_OR",
    "tags": [
      "circuit",
      "gate",
      "OR"
    ],
    "filePath": "circuit/gate/OR.shape",
    "image": "circuit/gate/OR.png"
  },
  {
    "name": "circuit_hardware_raspi_RaspiGPIO",
    "tags": [
      "circuit",
      "hardware",
      "raspi",
      "RaspiGPIO"
    ],
    "filePath": "circuit/hardware/raspi/RaspiGPIO.shape",
    "image": "circuit/hardware/raspi/RaspiGPIO.png"
  },
  {
    "name": "circuit_hardware_raspi_RaspiINPUT",
    "tags": [
      "circuit",
      "hardware",
      "raspi",
      "RaspiINPUT"
    ],
    "filePath": "circuit/hardware/raspi/RaspiINPUT.shape",
    "image": "circuit/hardware/raspi/RaspiINPUT.png"
  },
  {
    "name": "circuit_hardware_raspi_RaspiOUTPUT",
    "tags": [
      "circuit",
      "hardware",
      "raspi",
      "RaspiOUTPUT"
    ],
    "filePath": "circuit/hardware/raspi/RaspiOUTPUT.shape",
    "image": "circuit/hardware/raspi/RaspiOUTPUT.png"
  },
  {
    "name": "circuit_pulse_10hz",
    "tags": [
      "circuit",
      "pulse",
      "10hz"
    ],
    "filePath": "circuit/pulse/10hz.shape",
    "image": "circuit/pulse/10hz.png"
  },
  {
    "name": "circuit_pulse_50hz",
    "tags": [
      "circuit",
      "pulse",
      "50hz"
    ],
    "filePath": "circuit/pulse/50hz.shape",
    "image": "circuit/pulse/50hz.png"
  },
  {
    "name": "circuit_pulse_Delay",
    "tags": [
      "circuit",
      "pulse",
      "Delay"
    ],
    "filePath": "circuit/pulse/Delay.shape",
    "image": "circuit/pulse/Delay.png"
  },
  {
    "name": "circuit_switch_HighLow",
    "tags": [
      "circuit",
      "switch",
      "HighLow"
    ],
    "filePath": "circuit/switch/HighLow.shape",
    "image": "circuit/switch/HighLow.png"
  },
  {
    "name": "circuit_switch_HighLowArray",
    "tags": [
      "circuit",
      "switch",
      "HighLowArray"
    ],
    "filePath": "circuit/switch/HighLowArray.shape",
    "image": "circuit/switch/HighLowArray.png"
  },
  {
    "name": "circuit_switch_PushButton",
    "tags": [
      "circuit",
      "switch",
      "PushButton"
    ],
    "filePath": "circuit/switch/PushButton.shape",
    "image": "circuit/switch/PushButton.png"
  },
  {
    "name": "circuit_timer_Delay",
    "tags": [
      "circuit",
      "timer",
      "Delay"
    ],
    "filePath": "circuit/timer/Delay.shape",
    "image": "circuit/timer/Delay.png"
  },
  {
    "name": "messaging_HiveMQ",
    "tags": [
      "messaging",
      "HiveMQ"
    ],
    "filePath": "messaging/HiveMQ.shape",
    "image": "messaging/HiveMQ.png"
  }
]